source_type,author,year,title,Journal Name/Publisher,doi/link,issn
JOUR,"Peluso, N.L. and Poffenberger, M.",1989,Social forestry in Java: reorienting management systems,HUMAN ORGANISATION,10.17730/humo.48.4.a4r82227p5065638,187259
BOOK,"Fairhead, James and Leach, Melissa",1996,Misreading the African Landscape: Society and Ecology in a Forest-Savanna Mosaic,CAMBRIDGE UNIVERSITY PRESS,https://www.cambridge.org/core/books/misreading-the-african-landscape/4D743C6A915C8EC789D80874BC60E523,978-0-521-56499-1
JOUR,"Fisher, W. Fisher",1997,Doing good? The politics and antipolitics of NGO practices,ANNUAL REVIEW OF ANTHROPOLOGY,10.1146/annurev.anthro.26.1.439,0084-6570
JOUR,"Brosius, J. Peter ",1999,Analyses and interventions - Anthropological engagements with environmentalism,CURRENT ANTHROPOLOGY,10.1086/200019,0011-3204
JOUR,"Hanna, SS",1999,Strengthening governance of ocean fishery resources,ECOLOGICAL ECONOMICS,10.1016/S0921-8009(99)00084-1,0921-8009
JOUR,"Robbins, Paul",2000,The Practical Politics of Knowing: State Environmental Knowledge and Local Political Economy ,ECONOMIC GEOGRAPHY,https://doi.org/10.1111/j.1944-8287.2000.tb00137.x.,
JOUR,"Goldman, M.",2001,Constructing an environmental state: Eco-governmentality a1nd other transnational practices of a 'green' world bank,SOCIETY PROBLEMS,10.1525/sp.2001.48.4.499,NA
JOUR,"Markowitz, L",2001,Finding the field: Notes on the ethnography of NGOs,HUMAN ORGANIZATION,10.17730/humo.60.1.5777xq9cr9ke4k0e,0018-7259
REPORT,"Leach, Melissa and Amanor, Kojo and Fairhead, James",2001,"Forest Science and Forest Policy: Knowledge, Institutions and Policy Processes",DEPARTMENT OF INTERNATIONAL DEVELOPMENT,https://www.ids.ac.uk/download.php?file=files/ForestESCORReport.pdf,NA
JOUR,"Goldman, M.",2001,"Goldman, M. Constructing an Environmental State: Eco-governmentality and other Transnational Practices ",SOCIETY PROBLEMS,10.1525/sp.2001.48.4.499,
JOUR,"Campbell, LM",2002,Science and sustainable use: Views of marine turtle conservation experts,ECOLOGICAL APPLICATIONS,10.2307/3061048,1051-0761
JOUR,"Hughes, A.",2002,Who's speaks for whom? A look at civil society accountability in bioprospecting debates in Mexico,IDS BULLETIN,https://www.proquest.com/openview/7931bfeda6507c1b431983e1b42f3014/1.pdf?cbl=18750&diss=y&loginDisplay=true&pq-origsite=gscholar,NA
JOUR,"Brosius, J. Peter and Russell, Diane",2003,Conservation from Above Imposing Transboundary Conservation: An Anthropological Perspective on Transboundary Protected Areas and Ecoregional Planning Cooperation Between Internationally Adjoining Protected Areas,JOURNAL OF SUSTAINABLE FORESTRY,https://www.tandfonline.com/doi/abs/10.1300/J091v17n01_04,NA
JOUR,"Dumoulin, D",2003,Local knowledge in the hands of transnational NGO networks: a Mexican viewpoint,INTERNATIONAL SOCIAL SCIENCE JOURNAL,10.1111/j.0020-8701.2003.05504009.x,0020-8701
JOUR,"Lewis, David and Bebbington, Anthony J. and Batterbury, Simon P. J. and Shah, Alpa and Olson, Elisabeth and Siddiqi, M. Shameem and Duvall, Sandra",2003,"Practice, power and meaning: frameworks for studying organizational culture in multi-agency rural development projects",JOURNAL OF INTERNATIONAL DEVELOPMENT,NA,0954-1748
JOUR,"Grammig, T",2003,Sociotechnical relations and development assistance,TECHNOLOGICAL FORECASTING AND SOCIAL CHANGE,10.1016/S0040-1625(02)00321-9,0040-1625
BOOK,"David G. Anderson
Eeva Berglund",2004,Ethnographies of conservation. Environmentalism and the distribution of privilege,OXFORD,NA,1 57181 464 7
REPORT,"Filer, Colin",2004,How can Western conservationists talk to Melanesian landowners about indigenous knowledge?,ANU,http://pandora.nla.gov.au/tep/68341,NA
JOUR,"Sherlock, Kirsty L and Kirk, Elizabeth A and Reeves, Alison D",2004,Just the Usual Suspects? Partnerships and Environmental Regulation,ENVIRONMENT AND PLANNING C: GOVERNMENT AND POLICY,10.1068/c03110s,"0263-774X, 1472-3425"
JOUR,"Kobayashi, S.",2004,Landscape rehabilitation of degraded tropical forest ecosystems: Case study of the CIFOR/Japan project in Indonesia and Peru,FOREST ECOLOGY AND MANAGEMENT,10.1016/j.foreco.2004.06.009,3781127
THES,"Lindeman, Neil",2005,Blurred boundaries of science and advocacy: the discourse of scientists at a conservation organization,NA,https://doi.org/10.31274/rtd-180813-15390,NA
JOUR,"Agrawal, Arun",2005,"Environmentality: Community, Intimate Government, and the Making of Environmental Subjects in Kumaon, India",CURRENT ANTHROPOLOGY,10.1086/427122,0011-3204
BOOK,"Bryant, R.L.",2005,Nongovernmental organizations in environmental struggles: Politics and the making of moral capital in the Philippines,NA,https://www.jstor.org/stable/j.ctt1nq9v8,NA
THES,"Nyambe, Nyambe",2005,"Organizational culture and its underlying basic assumptions as a determinant of response to change : a case study of KwaZulu-Natal's conservation sector, South Africa",NA,https://ukzn-dspace.ukzn.ac.za/handle/10413/1974,NA
JOUR,"Duffy, R",2005,The politics of global environmental governance: the powers and limitations of transfrontier conservation areas in Central America,REVIEW OF INTERNATIONAL STUDIES,10.1017/S0260210505006467,0260-2105
JOUR,"Rhee, Steve",2006,"Brokering Authority:Translating knowledge, policy and practice in forestry institutions in Indonesia",NA,https://www.semanticscholar.org/paper/Brokering-Authority%3A-Translating-Knowledge%2C-Policy-Rhee/66dd1349656a6dd30c4420fd6da51b4d216d463e,NA
BOOK,"West, Paige",2006,Conservation is our government now: the politics of ecology in Papua New Guinea,DUKE UNIVERSITY PRESS,NA,978-0-8223-3749-2
JOUR,"Ferreyra, Cecilia",2006,"Practicality, positionality, and emancipation: Reflections on participatory action research with a watershed partnership",SYSTEMIC PRACTICE AND ACTION RESEARCH,10.1007/s11213-006-9044-2,1094-429X
THES,"Garland, Liz",2006,"State Of Nature: Colonial Power, Neoliberal Capital, And Wildlife Management In Tanzania",NA,https://catalog.lib.uchicago.edu/vufind/Record/6167948,NA
JOUR,"Buscher, Bram",2006,The Politics and Anti-Politics of Transfrontier Conservation in Southern Africa: Towards Cooperative Governance?,NA,https://dlc.dlib.indiana.edu/dlc/handle/10535/2158?show=full,NA
JOUR,"Casagrande, D.G. and Hope, D. and Farley-Metzger, E. and Wook, W. and Yabiku, S. and Redman, C.",2007,"Problem and opportunity: Integrating anthropology, ecology, and policy through adaptive experimentation in the urban U.S. southwest",HUMAN ORGANIZATION,10.17730/humo.66.2.h5277q2u27354358,187259
JOUR,"Sunil, S.D.",2007,"State interventions and natural resource management: A study on social interfaces in a riverine fisheries setting in Kerala, India",NATURAL RESOURCES FORUM,10.1111/j.1477-8947.2007.00128.x,1650203
JOUR,"Walker, David and Jones III, John Paul and Roberts, Susan M. and Fr√∂hling, Oliver R.",2007,"When participation meets empowerment: The WWF and the politics of invitation in the Chimalapas, Mexico",ANNALS OF AMERICAN ASSOCIATION OF GEOGRAPHERS,https://onlinelibrary.wiley.com/doi/abs/10.1111/j.1467-8306.2007.00546.x,NA
JOUR,"Gould, kevin",2007,"Anxiety, epistemology, and policy research “behind enemy lines”",GEOFORUM,https://www.sciencedirect.com/science/article/abs/pii/S0016718509001596,NA
JOUR,"Singh, Sarinda",2008,Contesting moralities: the politics of wildlife trade in Laos,JOURNAL OF POLITICAL ECOLOGY,NA,NA
JOUR,"Naess, Marius Warg",2008,"Cows, Kin, and Globalization. An Ethnography of Sustainability",HUMAN ECOLOGY,10.1007/s10745-008-9185-2,0300-7839
BOOK,Christine C. MacDonald,2008,"Green, inc.: an environmental insider reveals how a good cause has gone bad",LYONS PR,NA,978-1-59921-436-8
JOUR,"Schiellerup, Pernille",2008,Insider perspectives on institutional change in contemporary British forestry: identity and environmental governance,ENVIRONMENT AND PLANNING C-GOVERNMENT AND POLICY,10.1068/c06102s,0263-774X
JOUR,"Guneratne, A.",2008,The cosmopolitanism of environmental activists in Sri Lanka,NATURE AND CULTURE,10.3167/nc.2008.030107,NA
JOUR,"MacDonald, Kenneth Iain",2008,The Devil is in the Biodiversity: Neoliberalism and the Restructuring of Biodiversity Conservation,ANTIPODE,https://onlinelibrary.wiley.com/doi/10.1111/j.1467-8330.2010.00762.x,NA
ELEC,"Garland, Liz",2008,The Elephant in the Room: Confronting the Colonial Character of Wildlife Conservation in Africa ,AFRICAN STUDIES REVIEW,https://www.jstor.org/stable/27667379?read-now=1,NA
JOUR,"Sachedina, Hassanali Thomas",2008,"Wildlife is Our Oil: Conservation, Livelihoods and NGOs in the Tarangire Ecosystem, Tanzania",NA,https://ora.ox.ac.uk/objects/uuid:e94574bb-8bf4-4753-8d5f-9a0b962b5abd,NA
JOUR,"Cousins, Jenny A. and Evans, James and Sadler, Jon P.",2009,"I paid to observe lions, not map roads!: An emotional journey with conservation volunteers in South Africa",GEOFORUM,10.1016/j.geoforum.2009.09.001,167185
THES,"Maguranyanga, Brian",2009,"""Our Battles Also Changed"": Transformation and Black Empowerment in South African National Parks, 1991-2008",NA,https://deepblue.lib.umich.edu/bitstream/handle/2027.42/62352/bmaguran_1.pdf?sequence=1,NA
JOUR,"King, Brian",2009,Commercializing Conservation in South Africa,ENVIRONMENT AND PLANNING A: ECONOMY AND SPACE,10.1068/a4016,"0308-518X, 1472-3409"
JOUR,"Milne, Sarah and Niesten, Eduard",2009,Direct payments for biodiversity conservation in developing countries: practical insights for design and implementation,ORYX,10.1017/S0030605309990330,0030-6053
THES,Sarah Alison. Milne,2009,"Global ideas, local realities: the political ecology of payments for biodiversity conservation services in Cambodia / Sarah A. Milne",NA,NA,NA
BOOK,"Gilden, J.",2009,Small Fish in a Big Pond: An Applied Anthropologist in Natural Resource Management,NA,https://anthrosource.onlinelibrary.wiley.com/doi/10.1111/j.1556-4797.2008.00004.x,978-1-4051-9015-2
JOUR,"Wilshusen, P.R.",2009,Social process as everyday practice: The micro politics of community-based conservation and development in southeastern Mexico,POLICY SCIENCES,10.1007/s11077-008-9067-x,322687
CHAP,"Choy, T. and Faier, L. and Hathaway, M. and Inoue, M. and Satsuka, S. and Tsing, A.",2009,Strong collaboration as a method for multi-sited ethnography: On mycorrhizal relations,NA,https://doi.org/10.4324/9781315596389 ,
THES,"Jayne Gray, Noella ",2009,Waves of Change? Politics of Knowledge and Participation in Marine Protected Areas,NA,https://dukespace.lib.duke.edu/dspace/bitstream/handle/10161/1104/?sequence=1,NA
JOUR,"Balboa, Cristina Marie",2009,When non-governmental organizations govern: Accountability in Private Conservation Networks,FRONTIERS,https://www.frontiersin.org/articles/10.3389/fmars.2021.709423/full,NA
CHAP,"Verma, Ritu and Russell, Diane and German, Laura",2010,Anthro-Apology? Negotiating Space for Interdisciplinary Collaboration and In-Depth Anthropology in the CGIAR,"BEYOND THE BIOPHYSICAL: KNOWLEDGE, CULTURE, AND POWER IN AGRICULTURE AND NATURAL RESOURCE MANAGEMENT",NA,978-90-481-8825-3
JOUR,"MacDonald, K.I.",2010,"Business, biodiversity and new 'fields' of conservation: The world conservation congress and the renegotiation of organisational order",CONSERVATION & SOCIETY,10.4103/0972-4923.78144,09724923 (ISSN)
JOUR,"Sachedina, Hassanali T.",2010,Disconnected Nature: The Scaling Up of African Wildlife Foundation and its Impacts on Biodiversity Conservation and Local Livelihoods,ANTIPODE,10.1111/j.1467-8330.2010.00765.x,"00664812, 14678330"
JOUR,"Lockwood, Michael and Davidson, Julie",2010,Environmental governance and the hybrid regime of Australian natural resource management,GEOFORUM,10.1016/j.geoforum.2009.12.001,0016-7185
BOOK,"Rao, M. and Ginsberg, J. and Hickey, L. and Kretser, H. and Bennett, E. and Johnson, M. and Whitten, T. and Tallis, H. and Goldstein, J.H. and Daily, G.C. and Linkie, M. and Smith, R.J. and Didier, K. and Clements, T. and Raven, P.H. and Noss, A.",2010,From conservation theory to practice: Crossing the divide,NA,NA,978-0-19-172066-6 978-0-19-955423-2
JOUR,"Hathaway, Michael J.",2010,Global environmental encounters in Southwest China: Fleeting intersections and transnational work,ASIAN STUDIES,https://www.cambridge.org/core/journals/journal-of-asian-studies/article/abs/global-environmental-encounters-in-southwest-china-fleeting-intersections-and-transnational-work/77A60679CF2662A957ECD3FEBD8E06F5,NA
JOUR,"Arevalo, Kristina Marquardt and Ljung, Magnus and Sriskandarajah, Nadarajah",2010,Learning through feedback in the field Reflective learning in a NGO in the Peruvian Amazon,ACTION RESEARCH,10.1177/1476750309351356,1476-7503
JOUR,Pablo Peña,2010,NTFP and REDD at the fourth world conservation congress: What is in and what is not,CONSERVATION & SOCIETY,10.4103/0972-4923.78143,
JOUR,"Robertson, Morgan",2010,Performing environmental governance,GEOFORUM,10.1016/j.geoforum.2009.07.010,0016-7185
JOUR,"Pohl, Christian and Rist, Stephan and Zimmermann, Anne and Fry, Patricia and Gurung, Ghana S. and Schneider, Flurina and Speranza, Chinwe Ifejika and Kiteme, Boniface and Boillat, S√©bastian and Serrano, Elvira",2010,"Researchers' roles in knowledge co-production: experience from sustainability research in Kenya, Switzerland, Bolivia and Nepal",SCIENCE AND PUBLIC POLICY,https://academic.oup.com/spp/article-abstract/37/4/267/1626988?login=false,NA
JOUR,"Peterson, Richard B. and Russell, Diane and West, Paige and Brosius, J. Peter",2010,Seeing (and Doing) Conservation Through Cultural Lenses,ENVIRONMENTAL MANAGEMENT,10.1007/s00267-008-9135-1,0364-152X
JOUR,"Corson, Catherine",2010,Shifting Environmental Governance in a Neoliberal World: US AID for Conservation,ANTIPODE,10.1111/j.1467-8330.2010.00764.x,"00664812, 14678330"
JOUR,"Wilshusen, Peter R.",2010,The Receiving End of Reform: Everyday Responses to Neoliberalisation in Southeastern Mexico,ANTIPODE,10.1111/j.1467-8330.2010.00772.x,"00664812, 14678330"
JOUR,"Novellino, D. and Dressler, W.H.",2010,"The role of ""hybrid"" NGOs in the conservation and development of Palawan Island, The Philippines",SOCIETY & NATURAL RESOURCES,10.1080/08941920902756141,NA
JOUR,"Brockington, D. and Scholfield, K.",2010,The work of conservation organisations in sub-Saharan Africa,JOUNRAL OF MODERN AFRICAN STUDIES,10.1017/S0022278X09990206,NA
JOUR,"Medina, Laurie Kroshus",2010,When Government Targets ‚ÄúThe State‚Äù: Transnational NGO Government and the State in Belize,PoLAR,10.1111/j.1555-2934.2010.01113.x,10816976
THES,"Hastings, Jesse Guite",2011,Evaluating Conservation International's Marine Management Area Science program,NA,https://dukespace.lib.duke.edu/dspace/bitstream/handle/10161/3881/Hastings_duke_0066D_10941.pdf?sequence=1,NA
BOOK,"Mathews, A.S.",2011,"Instituting nature: Authority, expertise, and power in Mexican forests",NA,NA,978-0-262-51644-0
JOUR,"Hastings, Jesse G.",2011,International Environmental NGOs and Conservation Science and Policy: A Case from Brazil,COASTAL MANAGEMENT,10.1080/08920753.2011.566125,0892-0753
JOUR,"Redford, Kent H.",2011,Misreading the Conservation Landscape,ORYX,https://www.cambridge.org/core/journals/oryx/article/misreading-the-conservation-landscape/4F4E7ACA35914600FA0BDFC69CE274E5,
THES,"Suarez, Daniel",2011,Rearticulating Nature: Ecosystem Services in British Columbia and the United Nations Convention on Biological Diversity,NA,https://tspace.library.utoronto.ca/bitstream/1807/31455/1/Suarez_Daniel_C_201111_MA_thesis.pdf,NA
JOUR,"Brockington, D. and Scholfield, K.",2011,The Conservationist Mode of Production and Conservation NGOs in sub-Saharan Africa,ANTIPODE,https://onlinelibrary.wiley.com/doi/abs/10.1111/j.1467-8330.2010.00763.x,NA
JOUR,"Ormsby, Alison A.",2011,The Impacts of Global and National Policy on the Management and Conservation of Sacred Groves of India,HUMAN ECOLOGY,10.1007/s10745-011-9441-8,0300-7839
JOUR,"Dare, Melanie (Lain) and Vanclay, Frank and Schirmer, Jacki",2011,Understanding community engagement in plantation forest management: insights from practitioner and community narratives,JOURNAL OF ENVIRONMENTAL PLANNING AND MANAGEMENT,10.1080/09640568.2011.560456,0964-0568
JOUR,"Corson, Catherine and MacDonald, Kenneth Iain",2012,Enclosing the global commons: the convention on biological diversity and green grabbing,JOURNAL OF PEASANT STUDIES,10.1080/03066150.2012.664138,0306-6150
THES,"Pratt, Kathryn C.",2012,Fleshing out Conservation: Performative Ecologies and Embodied Practice in Chilean Temperate Rainforest Management,NA,https://conservancy.umn.edu/handle/11299/139182,NA
JOUR,"Jenkins, Lekelia D. and Maxwell, Sara M. and Fisher, Erik",2012,Increasing Conservation Impact and Policy Relevance of Research through Embedded Experiences,CONSERVATION BIOLOGY,10.1111/j.1523-1739.2012.01878.x,1523-1739
THES,"Greenberg, Shannon Edana",2012,Marine Conservationists' Adoption of Neoliberal Discourse in the Context of the Convention on Biological Diversity,NA,https://atrium.lib.uoguelph.ca/items/c0dad1e4-4fe4-40b4-8c49-910c4104db82/full,NA
JOUR,"Wynne-Jones, Sophie",2012,Negotiating neoliberalism: Conservationists' role in the development of payments for ecosystem services,GEOFORUM,10.1016/j.geoforum.2012.07.008,0016-7185
JOUR,"Hagerman, Shannon and Witter, Rebecca and Corson, Catherine and Suarez, Daniel and Maclin, Edward M. and Bourque, Maggie and Campbell, Lisa",2012,On the coattails of climate? Opportunities and threats of a warming Earth for biodiversity conservation,GLOBAL ENVIRONMENTAL CHANGE,10.1016/j.gloenvcha.2012.05.006,0959-3780
BOOK,"Cleaver, Francis",2012,Reinventing institutions: Bricolage and the social embeddedness of natural resource management,NA,https://www.tandfonline.com/doi/abs/10.1080/714000425,
JOUR,"Campbell, Lisa M.",2012,Seeing red: inside the science and politics of the IUCN Red List,CONSERVATION & SOCIETY,https://www.jstor.org/stable/26393091,NA
JOUR,"Petheram, Lisa and Stacey, Natasha and Campbell, Bruce M. and High, Chris",2012,Using visual products derived from community research to inform natural resource management policy,LAND USE POLICY,10.1016/j.landusepol.2011.04.002,0264-8377
THES,"Lyons, Andrew John",2012,Visualizing Wildlife Conservation and Development in Southern Africa: A Multi-Optic Approach,NA,https://escholarship.org/content/qt51g939w3/qt51g939w3.pdf,NA
JOUR,"Shapiro-Garza, Elizabeth",2013,Contesting the market-based nature of Mexico's national payments for ecosystem services programs: Four sites of articulation and hybridization,GEOFORUM,10.1016/j.geoforum.2012.11.018,0016-7185
CHAP,"Büscher, Bram",2013,Divergent Interpretations,NA,NA,978-0-8223-5404-8 978-0-8223-9908-7
CHAP,"Buscher, Bram",2013,Images of an Intervention,NA,NA,978-0-8223-5404-8 978-0-8223-9908-7
THES,"Cullman, Georgina",2013,"Land Use, Diverse Values, and Conservation Practice in the Periphery of Makira Natural Park, Northeastern Madagascar",NA,https://academiccommons.columbia.edu/doi/10.7916/D8W38200,NA
JOUR,"Campbell, Lisa M. and Gray, Noella J. and Fairbanks, Luke W. and Silver, Jennifer J. and Gruby, Rebecca L.",2013,Oceans at Rio+20,CONSERVATION LETTERS,10.1111/conl.12035,1755-263X
CHAP,"Buscher, Bram",2013,Processing Politics,NA,NA,978-0-8223-5404-8 978-0-8223-9908-7
JOUR,"Peltola, Taru",2013,Responsible Action as Embedded in Knowledge Practices: An Analysis of Forest Biodiversity Protection,SCIENCE TECHNOLOGY AND SOCIETY,10.1177/0971721813484233,0971-7218
JOUR,"Gruby, Rebecca L. and Campbell, Lisa M.",2013,Scalar politics and the region: strategies for transcending Pacific Island smallness on a global environmental governance stage,ENVIRONMENT AND PLANNING A-ECONOMY AND SPACE,10.1068/a45420,0308-518X
THES,"Gruby, Rebecca Lou Blasser",2013,Scale Matters: Institutional Dynamics and Scalar Politics of Conservation Governance in the Pacific Islands,NA,https://dukespace.lib.duke.edu/dspace/handle/10161/8082,NA
JOUR,"Suarez, Daniel and Corson, Catherine",2013,"Seizing center stage: Ecosystem services, live, at the Convention on Biological Diversity!",HUMAN GEOGRAPHY,https://journals.sagepub.com/doi/abs/10.1177/194277861300600105,NA
THES,"Wahlen, Catherine Benson",2013,The Anomalous is Ubiquitous: Organizations and Individuals in Papua New Guinea‚ Is Conservation Efforts,NA,https://deepblue.lib.umich.edu/bitstream/handle/2027.42/100044/csbenson_1.pdf?sequence=1,NA
JOUR,"Lyons, Andrew",2013,The Rise and Fall of a Second-Generation CBNRM Project in Zambia: Insights from a Project Perspective,ENVIRONMENTAL MANAGEMENT,10.1007/s00267-012-9996-1,0364-152X
BOOK,"Buscher, Bram",2013,Transforming the frontier: peace parks and the politics of neoliberal conservation in Southern Africa,NA,NA,NA
THES,"Scholfield, Katherine",2013,Transnational (Dis) Connections: Mountain Gorilla Conservation in Rwanda and the DRC,https://research.manchester.ac.uk/en/studentTheses/transnational-disconnections-mountain-gorilla-conservation-in-rwa,NA,NA
BOOK,"Lowe, Celia",2013,Wild Profusion: BIODIVERSITY CONSERVATION IN AN INDONESIAN ARCHIPELAGO,PRINCETON UNIVERSITY PRESS,,NA
JOUR,"Gray, Noella J. and Gruby, Rebecca L. and Campbell, Lisa M.",2014,Boundary Objects and Global Consensus: Scalar Narratives of Marine Conservation in the Convention on Biological Diversity,GLOBAL ENVIRONMENTAL POLITICS,10.1162/GLEP_a_00239,1526-3800
JOUR,"Corson, Catherine and Campbell, Lisa M. and MacDonald, Kenneth I.",2014,Capturing the Personal in Politics: Ethnographies of Global Environmental Governance,GLOBAL ENVIRONMENTAL POLITICS,10.1162/GLEP_a_00237,1526-3800
JOUR,"Fache, Elodie",2014,"Caring for Country, a Form of Bureaucratic Participation. Conservation, Development, and Neoliberalism in Indigenous Australia",ANTHROPOLOGICAL FORUM,10.1080/00664677.2014.939576,0066-4677
JOUR,"Singh, Sarinda",2014,Developing Bureaucracies for Environmental Governance: State Authority and World Bank Conditionality in Laos,JOURNAL OF CONTEMPORARY ASIA,10.1080/00472336.2013.823587,0047-2336
JOUR,"Corson, Catherine and Gruby, Rebecca and Witter, Rebecca and Hagerman, Shannon and Suarez, Daniel and Greenberg, Shannon and Bourque, Maggie and Gray, Noella and Campbell, Lisa M.",2014,Everyone's Solution? Defining and Redefining Protected Areas at the Convention on Biological Diversity,CONSERVATION & SOCIETY,10.4103/0972-4923.138421,0972-4923
CHAP,"Perera, A.H. and Drew, C.A. and Johnson, C.J.",2014,"Experts, expert knowledge, and their roles in landscape ecological applications",SPRINGER,https://link.springer.com/chapter/10.1007/978-1-4614-1034-8_1,978-1-4614-1034-8 1-4614-1033-9 978-1-4614-1033-1
JOUR,"Gupta, Saurabh",2014,"From Demanding to Delivering Development: Challenges of NGO-Led Development in Rural Rajasthan, India",JOURNAL OF SOUTH ASIAN DEVELOPMENT,10.1177/0973174114536099,0973-1741
JOUR,"Robinson, E.J.Z. and Albers, H.J. and Ngeleza, G. and Lokina, R.B.",2014,"Insiders, outsiders, and the role of local enforcement in forest management: AN example from Tanzania",ECOLOGICAL ECONOMICS,10.1016/j.ecolecon.2014.08.004,9218009
JOUR,"Fletcher, Robert",2014,Orchestrating Consent: Post-politics and Intensification of Nature (TM) Inc. at the 2012 World Conservation Congress,CONSERVATION & SOCIETY,10.4103/0972-4923.145167,0972-4923
JOUR,"Campbell, Lisa M. and Corson, Catherine and Gray, Noella J. and MacDonald, Kenneth I. and Brosius, J. Peter",2014,Studying Global Environmental Meetings to Understand Global Environmental Governance: Collaborative Event Ethnography at the Tenth Conference of the Parties to the Convention on Biological Diversity Introduction,GLOBAL ENVIRONMENTAL POLITICS,10.1162/GLEP_e_00236,1526-3800
JOUR,"Read, Andrew D. and West, Ronald J.",2014,The effectiveness of sectoral integration between marine protected area and fisheries agencies: An Australian case study,OCEAN & COASTAL MANAGEMENT,10.1016/j.ocecoaman.2014.04.014,0964-5691
JOUR,"Benson Wahl√©n, Catherine",2014,Understanding Varying Approaches Among Conservation Professionals: A Case Study from Papua New Guinea,HUMAN ECOLOGY,10.1007/s10745-014-9648-6,"0300-7839, 1572-9915"
JOUR,"de Koning, Jessica",2014,Unpredictable Outcomes in Forestry-Governance Institutions in Practice,SOCIETY & NATURAL RESOURCES,10.1080/08941920.2013.861557,0894-1920
JOUR,"Duffy, Rosaleen",2014,What Does Collaborative Event Ethnography Tell Us About Global Environmental Governance?,GLOBAL ENVIRONMENTAL POLITICS,10.1162/GLEP_a_00242,1526-3800
JOUR,"Wels, Harry",2015,Animals like us:revisiting organizational ethnography and research,JOURNAL OF ORGANIZATIONAL ETHNOGRAPHY,10.1108/JOE-12-2014-0039,2046-6749
JOUR,"Borie, Maud and Hulme, Mike and Gustafsson, Karin M. and Obermeister, Noam and Turnhout, Esther and Bridgewater, Peter",2015,Framing global biodiversity: IPBES between mother earth and ecosystem services,ENVIRONMENT SCIENCE AND POLICY,https://www.sciencedirect.com/science/article/abs/pii/S1462901115001069,
JOUR,"Sjolander-Lindqvist, Annelie",2015,Balancing differentiated interests and conceptualizations in environmental management Working across sectors in Swedish river restoration,JOURNAL OF ORGANIZATIONAL ETHNOGRAPHY,10.1108/JOE-07-2014-0022,2046-6749
JOUR,"Hastings, Jesse Guite",2015,Building Participation in Large-scale Conservation: Lessons from Belize and Panama,CONSERVATION & SOCIETY,10.4103/0972-4923.170393,0972-4923
JOUR,"Faye, P.",2015,Choice and power: Resistance to technical domination in Senegal's forest decentralization,FOREST POLICY AND ECONOMICS,10.1016/j.forpol.2014.10.004,13899341
JOUR,"Deveau, Jean Louis",2015,"Crown Lands and Forests Act Signals End to Aboriginal and Treaty Rights in New Brunswick, Canada-Part A",ENVIRONMENTAL JUSTICE,10.1089/env.2015.0016,1939-4071
JOUR,"Astuti, R. and Mcgregor, A.",2015,"Governing carbon, transforming forest politics: A case study of Indonesia's REDD+ Task Force",ASIA PACIFIC VIEWPOINT,10.1111/apv.12087,13607456
JOUR,"Funder, Mikkel and Marani, Martin",2015,Local bureaucrats as bricoleurs. The everyday implementation practices of county environment officers in rural Kenya,CONSERVATION & SOCIETY,https://www.jstor.org/stable/26522817,NA
JOUR,"Witter, Rebecca and Suiseeya, Kimberly R. Marion and Gruby, Rebecca L. and Hitchner, Sarah and Maclin, Edward M. and Bourque, Maggie and Brosius, J. Peter",2015,Moments of influence in global environmental governance,ENVIRONMENTAL POLITICS,10.1080/09644016.2015.1060036,0964-4016
JOUR,"Kelboro, Girma and Stellmacher, Till",2015,"Protected areas as contested spaces: Nech Sar National Park, Ethiopia, between `local people', the state, and NGO engagement",ENVIRONMENTAL DEVELOPMENT,10.1016/j.envdev.2015.06.005,2211-4645
JOUR,"Vanclay, Frank",2015,The Potential Application of Qualitative Evaluation Methods in European Regional Development: Reflections on the Use of Performance Story Reporting in Australian Natural Resource Management,REGIONAL STUDIES,10.1080/00343404.2013.837998,0034-3404
JOUR,"Mendez-Medina, Crisol and Schmook, Birgit and McCandless, Susannah R.",2015,The Punta Allen cooperative as an emblematic example of a sustainable small-scale fishery in the Mexican Caribbean,MARITIME STUDIES,10.1186/s40152-015-0026-9,2212-9790
JOUR,"Corson, Catherine and Brady, Bridget and Zuber, Ahdi and Lord, Julianna and Kim, Angela",2015,The right to resist: disciplining civil society at Rio+20,JOURNAL OF PEASANT STUDIES,10.1080/03066150.2014.992884,0306-6150
THES,"Toomey, Anne Helen",2015,"Who is at the gap between research and implementation?:The places and spaces of encounter between scientists and local people in Madidi, Bolivia",NA,https://www.proquest.com/openview/7931bfeda6507c1b431983e1b42f3014/1.pdf?cbl=18750&diss=y&loginDisplay=true&pq-origsite=gscholar,NA
JOUR,"Moreto, William D. and Lemieux, Andrew M. and Nobles, Matt R.",2016,"""It's in my blood now"": the satisfaction of rangers working in Queen Elizabeth National Park, Uganda",ORYX,10.1017/S0030605316000387,0030-6053
THES,"Borie, Maud",2016,Between Nowhere and Everywhere: The Challenges of Placing the Intergovernmental Platform on Biodiversity and Ecosystem Services (IPBES),NA,https://ueaeprints.uea.ac.uk/id/eprint/58529/NA,NA
BOOK,"Corson, Catherine A.",2016,Corridors of Power: The Politics of Environmental Aid to Madagascar,MIT PRESS DIRECT,NA,978-0-300-21227-3
JOUR,"Haenn, Nora and Durand, Leticia and Fletcher, Robert and Igoe, Jim and Trench, Tim and Vaccaro, Ismael and Haenn, Nora",2016,"Extensionists: A New Elite in Mexican Conservation?: Social Dramas, Blurred Identity Boundaries, and Their Environmental Consequences in Mexican Conservation",CURRENT ANTHROPOLOGY,https://www.journals.uchicago.edu/doi/10.1086/685728,NA
JOUR,"Milne, S. and Milne, M. and Nurfatriani, F. and Tacconi, L.",2016,How is global climate policy interpreted on the ground? Insights from the analysis of local discourses about forest management and REDD+ in Indonesia,ECOLOGY AND SOCIETY,10.5751/ES-08363-210206,NA
JOUR,"Di Giminiani, P.",2016,How to manage a forest: Environmental governance in neoliberal chile [Como gerir uma floresta: Governan√ßa ambiental no Chile neoliberal] [Como manejar un bosque: Gobernanza ambiental en el Chile neoliberal],ANTHROPOLOGICAL QUARTLEY,10.1353/anq.2016.0045,
JOUR,"Bryant, Raymond L.",2016,Non-Governmental Organizations and Governmentality: ‚ÄòConsuming‚Äô Biodiversity and Indigenous People in the Philippines:,POLITICAL STUDIES,10.1111/1467-9248.00370,NA
JOUR,"Moreto, William D.",2016,Occupational stress among law enforcement rangers: insights from Uganda,ORYX,10.1017/S0030605315000356,0030-6053
JOUR,"Hagan, Kristin and Williams, Samantha",2016,"Oceans of Discourses: Utilizing Q Methodology for Analyzing Perceptions on Marine Biodiversity Conservation in the Kogelberg Biosphere Reserve, South Africa",FRONTIERS IN MARINE SCIENCE,10.3389/fmars.2016.00188,NA
JOUR,"Horowitz, L.S.",2016,Rhizomic resistance meets arborescent assemblage: UNESCO world heritage and the disempowerment of indigenous activism in New Caledonia,ANNALS OF AMERICAN ASSOCIATION OF GEOGRAPHERS,10.1080/00045608.2015.1090270,24694452
JOUR,"Fay, D.",2016,Studying up after studying down: dilemmas of research on South African conservation professionals [√âtudier vers le Haut et √âtudier vers le Bas: Dilemmes de la Recherche sur les Professionnels de la Conservation Sud-Africaine],CRITCAL AFRICAN STUDIES,10.1080/21681392.2016.1245106,21681392
JOUR,"Eszter Krasznai Kovács and Pataki, G.",2016,The participation of experts and knowledges in the Intergovernmental Platform on Biodiversity and Ecosystem Services (IPBES),ENVIRONMENT SCIENCE AND POLICY,10.1016/j.envsci.2015.12.007,NA
JOUR,"Toomey, A.H.",2016,What happens at the gap between knowledge and practice? Spaces of encounter and misencounter between environmental scientists and local people,ECOLOGY AND SOCIETY,10.5751/ES-08409-210228,NA
JOUR,"Geilinger, Nina and Haefliger, Stefan and von Krogh, Georg and Rechsteiner, Lise",2016,"What makes a social practice? Being, knowing, doing and leading",EUROPEAN MANAGEMENT JOURNAL,10.1016/j.emj.2016.04.006,0263-2373
JOUR,"Muenster, Ursula",2016,Working for the Forest: The Ambivalent Intimacies of Human-Elephant Collaboration in South Indian Wildlife Conservation,ETHNOS,10.1080/00141844.2014.969292,0014-1844
JOUR,"Moreto, William D. and Matusiak, Matthew C.",2017,"We Fight against Wrong Doers‚Äù: Law Enforcement Rangers' Roles, Responsibilities, and Patrol Operations in Uganda",DEVIANT BEHAVIOR,10.1080/01639625.2016.1197015,0163-9625
JOUR,"Montana, J.",2017,Accommodating consensus and diversity in environmental knowledge production: Achieving closure through typologies in IPBES,ENVIRONMENT SCIENCE AND POLICY,10.1016/j.envsci.2016.11.011,14629011
JOUR,"Araos, F.",2017,Beyond biodiversity: Contributions of anthropology to marine conservation in Chile,REVISTA AUSTRAL DE CIENCIAS SOCIALES,https://revistaschilenas.uchile.cl/handle/2250/139669,NA
JOUR,"Berdej, Samantha",2017,Bridging Organizations to Improve Conservation Fit in the Coral Triangle,NA,https://core.ac.uk/download/pdf/144149927.pdf,NA
JOUR,"Sharma, Bishnu P. and Shyamsundar, Priya and Nepal, Mani and Pattanayak, Subhrendu K. and Karky, Bhaskar S.",2017,"Costs, cobenefits, and community responses to REDD plus : a case study from Nepal",ECOLOGY AND SOCIETY,10.5751/ES-09370-220234,1708-3087
JOUR,"Lunstrum, E.",2017,Feed them to the lions: Conservation violence goes online,GEOFORUM,10.1016/j.geoforum.2016.04.009,NA
THES,"Thaler, Gregory Massey",2017,Forest Governance and Global Development: The Land Sparing Fallacy in Brazil And Indonesia,NA,https://www.cifor.org/knowledge/publication/8116/,NA
JOUR,"Oubenal, M. and Hrabanski, M. and Pesche, D.",2017,"IPBES, an inclusive institution? Challenging the integration of stakeholders in a science-policy interface",ECOLOGY AND SOCIETY,10.5751/ES-08961-220111,NA
THES,"Suarez, Daniel C.",2017,Mainstreaming Natural Capital: The Rise of Ecosystem Services in Biodiversity Conservation,NA,https://danielsuarez.ca/research/mainstreaming-natural-capital/,NA
JOUR,"Ayana, Alemayehu N. and Vandenabeele, Nathalie and Arts, Bas",2017,Performance of participatory forest management in Ethiopia: institutional arrangement versus local practices,CRITICAL POLICY STUDIES,10.1080/19460171.2015.1024703,1946-0171
JOUR,"Graham, Marnie",2017,"Postcolonial nature conservation in practice: the everyday challenges of on-ground urban nature conservation, Cape Town, South Africa",GEOJOURNAL,10.1007/s10708-015-9661-3,0343-2521
JOUR,"Benjaminsen, Grete",2017,The bricolage of REDD plus in Zanzibar: from global environmental policy framework to community forest management,JOURNAL OF EASTERN AFRICAN STUDIES,10.1080/17531055.2017.1357103,1753-1055
JOUR,"Sen, Gokhan and Genc, Adem",2017,The definition of the problems in the forest management certification application process from forester's perspectives in Turkey,JOURNAL OF SUSTAINABLE FORESTRY,10.1080/10549811.2017.1311270,1054-9811
JOUR,"Thaler, Gregory M.",2017,"The Land Sparing Complex: Environmental Governance, Agricultural Intensification, and State Building in the Brazilian Amazon",ANNALS OF THE AMERICAN ASSOCIATION OF GEOGRAPHERS,10.1080/24694452.2017.1309966,2469-4452
JOUR,"Pasgaard, Maya and Dawson, Neil and Rasmussen, Laura Vang and Enghoff, Martin and Jensen, Arne",2017,"The research and practice of integrating conservation and development: Self-reflections by researchers on methodologies, objectives and influence",Global Ecology and Conservation,NA,NA
JOUR,"Ramirez Contreras-Piana, Anapaula",2018,An ethnographic account of ecological consciousness: stories and daily practices of transformation and resistance,LETRAS VERDES,10.17141/letrasverdes.24.2018.3245,1390-6631
BOOL,"Peter Bille Larsen, Dan Brockington",2018,The Anthropology of Conservation NGOs: Rethinking the Boundaries,SPRINGER,Springer Link,978-3-319-60579-1
JOUR,"Dar, Sadhvi",2018,De-Colonizing the Boundary-Object,ORGANIZATION STUDIES,10.1177/0170840617708003,0170-8406
JOUR,"Kairu, Anne and Upton, Caroline and Huxham, Mark and Kotut, Kiplagat and Mbeche, Robert and Kairo, James",2018,From Shiny Shoes to Muddy Reality: Understanding How Meso-State Actors Negotiate the Implementation Gap in Participatory Forest Management,SOCIETY & NATURAL RESOURCES,10.1080/08941920.2017.1382628,0894-1920
JOUR,"Anne, C. and Chlo√©, F. and Anatole, D. and Camille, M.",2018,Governing the Southern Ocean: The science-policy interface as thorny issue,ENVIRONMENT SCIENCE AND POLICY,10.1016/j.envsci.2018.06.017,14629011
JOUR,"Bersaglio, Brock and Cleaver, Frances",2018,Green Grab by Bricolage - The Institutional Workings of Community Conservancies in Kenya,CONSERVATION & SOCIETY,10.4103/cs.cs_16_144,0972-4923
JOUR,"Pascoe, Sophie",2018,Interrogating scale in the REDD+ assemblage in Papua New Guinea,GEOFORUM,10.1016/j.geoforum.2018.08.007,167185
JOUR,"Sa'at, Nur Shafwaty and Lin, Pei-Shan Sonia",2018,Janus-Faced Linkages: Understanding External Actors in Community-Based Natural Resource Management in Southern Thailand,SOCIETY & NATURAL RESOURCES,10.1080/08941920.2017.1423433,0894-1920
JOUR,"Myers, Rodd and Larson, Anne M. and Ravikumar, Ashwin and Kowler, Laura F. and Yang, Anastasia and Trench, Tim",2018,Messiness of forest governance: How technical approaches suppress politics in REDD+ and conservation projects,Global Environmental Change,https://www.sciencedirect.com/science/article/pii/S0959378017307823,NA
JOUR,"Lee Pinel, Sandra and Lopez Rodriguez, Fausto and Morocho Cuenca, Ramiro and Astudillo Aguillar, Diana and Merriman, Danie",2018,Scaling down or scaling up? Local actor decisions and the feasibility of decentralized environmental governance: a case of Paramo wetlands in Southern Ecuador,SCOTTISH GEOGRAPHICAL JOURNAL,10.1080/14702541.2018.1439522,1470-2541
BOOK,"Hidayat, H.",2018,"Sustainable plantation forestry: Problems, challenges and solutions",NA,NA,978-981-10-7653-4 978-981-10-7652-7
JOUR,"Symons, Kate",2018,The tangled politics of conservation and resource extraction in Mozambique's green economy,JOURNAL OF POLITICAL ECOLOGY,NA,NA
JOUR,"Vadrot, Alice B. M. and Rankovic, Aleksandar and Lapeyre, Renaud and Aubert, Pierre-Marie and Laurans, Yann",2018,Why are social sciences and humanities needed in the works of IPBES? A systematic review of the literature,INNOVATION:THE EUROPEAN JOURNAL OF SOCIAL SCIENCE RESEARCH,10.1080/13511610.2018.1443799,NA
JOUR,"Kiik, Laur",2018,Wild-ing the Ethnography of Conservation: Writing Nature's Value and Agency In,ANTHROPOLOGICAL FORUM,10.1080/00664677.2018.1476222,0066-4677
JOUR,"Korsant, Clare",2018,Environmentalisms in practice: from national policy to grassroots activism in Costa Rica's Osa Peninsula,NA,https://research.gold.ac.uk/id/eprint/22952/,
CHAP,"Larsen, Peter Bille and Brockington, Dan",2018,Introduction: Rethinking the Boundaries of Conservation NGOs,SPRINGER,NA,978-3-319-60579-1
CHAP,"Nuesiri, Emmanuel O.",2018,Strengths and Limitations of Conservation NGOs in Meeting Local Needs,SPRINGER,NA,978-3-319-60579-1
CHAP,"Larsen, Peter Bille",2018,"The Good, the Ugly and the ‚ÄòDirty Harry‚Äôs of Conservation: Rethinking the Anthropology of Conservation NGOs",SPRINGER,NA,978-3-319-60579-1
CHAP,"Ruysschaert, Denis and Salles, Denis",2018,The Strategies and Effectiveness of Conservation NGOs in the Global Voluntary Standards: The Case of the Roundtable on Sustainable Palm Oil,SPRINGER,NA,978-3-319-60579-1
CHAP,"Brockington, Dan and Scholfield, Katherine and Ladle, Richard",2018,Anthropology of Conservation NGOs: Learning from a Sectoral Approach to the Study of NGOs,,NA,978-3-319-60579-1
JOUR,"Enrici, Ashley and Hubacek, Klaus",2019,A Crisis of Confidence: Stakeholder Experiences of REDD plus in Indonesia,HUMAN ECOLOGY,10.1007/s10745-019-0045-z,0300-7839
JOUR,"Beunen, R. and Patterson, J. J.",2019,Analysing institutional change in environmental governance: exploring the concept of `institutional work',JOURNAL OF ENVIRONMENTAL PLANNING AND MANAGEMENT,10.1080/09640568.2016.1257423,0964-0568
JOUR,"Kiik, Laur",2019,Conservationland: Toward the anthropology of professionals in global nature conservation,CRITIQUE OF ANTHROPOLOGY,10.1177/0308275X18821177,0308-275X
JOUR,"Billo, Emily",2019,Gendering indigenous subjects: an institutional ethnography of corporate social responsibility in Ecuador,GENDER PLACE AND CULTURE,10.1080/0966369X.2019.1650723,0966-369X
JOUR,"Patterson, James J. and Beunen, Raoul",2019,Institutional work in environmental governance,JOURNAL OF ENVIRONMENTAL PLANNING AND MANAGEMENT,10.1080/09640568.2018.1538328,0964-0568
JOUR,"Milne, Sarah and Mahanty, Sango and To, Phuc and Dressler, Wolfram and Kanowski, Peter and Thavat, Maylee",2019,Learning From `Actually Existing' REDD plus : A Synthesis of Ethnographic Findings,CONSERVATION & SOCIETY,https://www.jstor.org/stable/26554473,
JOUR,"Suiseeya, Kimberly R. Marion and Zanotti, Laura",2019,Making Influence Visible: Innovating Ethnography at the Paris Climate Summit,GLOBAL ENVIRONMENTAL POLITICS,10.1162/glep_a_00507,1526-3800
JOUR,"Salazar, Gabby and Mills, Morena and Verissimo, Diogo",2019,Qualitative impact evaluation of a social marketing campaign for conservation,CONSERVATION BIOLOGY,10.1111/cobi.13218,0888-8892
JOUR,"To, Phuc and Dressler, Wolfram",2019,Rethinking Success:The politics of payment for forest ecosystem services in Vietnam,LAND USE POLICY,https://www.sciencedirect.com/science/article/abs/pii/S0264837718302448,NA
JOUR,"Adeyeye, Yemi and Hagerman, Shannon and Pelai, Ricardo",2019,Seeking procedural equity in global environmental governance: Indigenous participation and knowledge politics in forest and landscape restoration debates at the 2016 World Conservation Congress,FOREST POLICY AND ECONOMICS,10.1016/j.forpol.2019.102006,1389-9341
JOUR,"Besserer, Johann",2019,The Political Ecology of Conservation and Development in Galapagos-Sustainability between the Global and the Local,NA,https://scholarship.miami.edu/esploro/outputs/doctoral/The-Political-Ecology-of-Conservation-and-Development-in-Galapagos---Sustainability-between-the-Global-and-the-Local/991031447218702976,NA
JOUR,"Yeboah-Assiamah, E. and Muller, K. and Domfeh, K.A.",2019,Two Sides of the Same Coin: Formal and Informal Institutional Synergy in a Case Study of Wildlife Governance in Ghana,SOCIETY & NATURAL RESOURCES,10.1080/08941920.2019.1647320,NA
JOUR,"Milne, Sarah and Mahanty, Sango",2019,Value and bureaucratic violence in the green economy,GEOFORUM,10.1016/j.geoforum.2018.11.003,0016-7185
JOUR,"McCubbin, Sandra G. and Hovorka, Alice J.",2019,"Visioning African lionscapes: Securing space, mobilizing capital, and fostering subjects:",ENVIRONMENT AND PLANNING E- NATURE AND SPACE,10.1177/2514848619878167,NA
JOUR,"Hughes, Hannah and Vadrot, Alice B. M.",2019,Weighting the World: IPBES and the Struggle over Biocultural Diversity,GLOBAL ENVIRONMENTAL POLITICS,10.1162/glep_a_00503,1526-3800
JOUR,"Masse, Francis",2019,Conservation Law Enforcement: Policing Protected Areas,ANNALS OF AMERICAN ASSOCIATION OF GEOGRAPHERS,10.1080/24694452.2019.1630249,
JOUR,"Matuk, Fernanda and Turnhout, Esther and Fleskens, Luuk and Ferreira, Amaral and Haverroth, Moacir and Behagel, Jelle",2020,Allying knowledge integration and co-production for knowledge legitimacyand usability: The Amazonian SISA policy and the Kaxinawá Indigenous people case,ENVIRONMENT SCIENCE AND POLICY,https://doi.org/10.1016/j.envsci.2020.04.018,
JOUR,"Chua, Liana and Harrison, Mark E. and Fair, Hannah and Milne, Sol and Palmer, Alexandra and Rubis, June and Thung, Paul and Wich, Serge and B√ºscher, Bram and Cheyne, Susan M. and Puri, Rajindra K. and Schreer, Viola and Stƒôpie≈Ñ, Anna and Meijaard, Erik",2020,Conservation and the social sciences: Beyond critique and co-optation. A case study from orangutan conservation,PEOPLE AND NATURE,10.1002/pan3.10072,2575-8314
JOUR,"Gray, Noella J. and Corson, Catherine and Campbell, Lisa M. and Wilshusen, Peter R. and Gruby, Rebecca L. and Hagerman, Shannon",2020,Doing Strong Collaborative Fieldwork in Human Geography,GEOGRAPHICAL REVIEW,10.1111/gere.12352,0016-7428
CHAP,"Rose, David C. and Evans, Megan C. and Jarvis, Rebecca M.",2020,Effective engagement of conservation scientists with decision-makers,CAMBRIDGE UNIVERSITY PRESS,NA,9.78111E+12
JOUR,"Sketch, M. and Dayer, A.A. and Metcalf, A.L.",2020,Engaging Landowners in the Conservation Conversation through Landowner-Listening Workshops,SOCIETY & NATURAL RESOURCES,10.1080/08941920.2019.1657996,8941920
JOUR,"Lai, J.Y. and Hamilton, A.",2020,For whom do NGOs speak? Accountability and legitimacy in pursuit of just environmental impact assessment,ENVIRONMENTAL IMPACT ASSESSMENT REVIEW,10.1016/j.eiar.2020.106374,NA
JOUR,"Borie, Maud and Gustafsson, Karin M. and Obermeister, Noam and Turnhout, Esther and Bridgewater, Peter",2020,Institutionalising reflexivity? Transformative learning and the Intergovernmental science-policy Platform on Biodiversity and Ecosystem Services (IPBES),ENVIRONMENT SCIENCE AND POLICY,10.1016/j.envsci.2020.05.005,1462-9011
JOUR,"Zurba, Melanie and Stucker, Dominic and Mwaura, Grace and Burlando, Catie and Rastogi, Archi and Dhyani, Shalini and Koss, Rebecca",2020,"Intergenerational Dialogue, Collaboration, Learning, and Decision-Making in Global Environmental Governance: The Case of the IUCN Intergenerational Partnership for Sustainability",SUSTAINABILITY,10.3390/su12020498,NA
JOUR,"Dyckman, Caitlin S. and Conroy, Maria Manta",2020,"Novel Methods, Novel Metrics: Using a Meta-Ethnography to Create a Plan Quality Framework for Sustainable and Resilient Social-Ecological Systems",JOURNAL OF PLANNING LITERATURE,10.1177/0885412220914990,0885-4122
JOUR,"Brooks, Cassandra M. and Crowder, Larry B. and Osterblom, Henrik and Strong, Aaron L.",2020,"Reaching consensus for conserving the global commons: The case of the Ross Sea, Antarctica",CONSERVATION LETTERS,10.1111/conl.12676,1755-263X
JOUR,"Katikiro, R.E.",2020,The role of local institutions in governance of MPAs,MARINE POLICY,10.1016/j.marpol.2020.103906,0308597X
BOOK,"Palmer, Alexander",2020,Ethical Debates on Orangutan Conservation,ROUTLEDGE,https://www.taylorfrancis.com/books/mono/10.4324/9780429060533/ethical-debates-orangutan-conservation-alexandra-palmer,9.78043E+12
THES,"Similai, Trishant",2021,"Negotiating the Panoptic Gaze: People,Power and Conservation Surveillance in the Corbett Tiger Reserve, India",NA,https://api.repository.cam.ac.uk/server/api/core/bitstreams/f7fdbfb8-2dd0-49a2-9c32-a396bc43a6dd/content,NA
BOOK,"Milne, Sarah",2022,Corporate Nature,ARIZONA UNIVERSITY PRESS,https://uapress.arizona.edu/book/corporate-nature,NA
BOOK,"Milne, Sarah and Mahanty, Sango",,"Conservation and development in Cambodia: Exploring Frontiers of Change in Nature, State and Society",EARTHSCAN,NA,978-1-315-88730-2